Country Name,Country Code,Access to electricity (% of population),"Compulsory education, duration (years)","Employment to population ratio, 15+, total (%) (modeled ILO estimate)","GDP per capita, PPP (current international $)",Individuals using the Internet (% of population),"Industry (including construction), value added per worker (constant 2015 US$)","Inflation, GDP deflator (annual %)",Land area (sq. km),Merchandise exports by the reporting economy (current US$),Military expenditure (% of GDP),Net migration,Population ages 15-64 (% of total population),Proportion of seats held by women in national parliaments (%),Renewable energy consumption (% of total final energy consumption),Urban population (% of total population),"Vulnerable employment, total (% of total employment) (modeled ILO estimate)",happiness_score,social_support,healthy_life_expectancy_at_birth,freedom_to_make_life_choices,generosity,perceptions_of_corruption,positive_affect,negative_affect
Afghanistan,AFG,69.1,9.0,43.258,1988.429303815544,5.45455,2871.778662630426,7.301756467604321,652230.0,305795141.0,1.1754161200998698,68628.0,50.0567833137882,27.710843373494,15.4,23.3434391310979,87.9466221225401,3783.0,521.0,51.7,531.0,238.0,776.0,614.0,268.0
Angola,AGO,37.3,6.0,64.296,8246.36081151609,7.7,56830.89828207726,7.112269637590018,1246700.0,70613859483.0,3.23665949921649,130643.0,52.110643381122,34.0909090909091,49.0,61.5114223949332,71.3937735306844,4.36,753.0,51.84,456.0,-139.0,906.0,591.0,305.0
Albania,ALB,99.9,9.0,49.371,10051.071711264456,49.4,13680.50746596274,0.226739790649205,27400.0,1897155839.0,1.48708257655216,-19845.0,68.198600414295,15.7142857142857,39.9,53.8637553661449,61.5347469275197,5.51,785.0,68.16,602.0,-0.17,848.0,553.0,271.0
United Arab Emirates,ARE,100.0,12.0,75.256,89198.01190170248,85.0,99120.7336135227,1.7186378045509088,71020.0,259352119785.0,5.07555649376756,225921.0,81.7319747580354,17.5,0.1,83.7643244751488,0.561142625366092,7218.0,856.0,65.22,0.92,,,719.0,224.0
Argentina,ARG,99.1,13.0,56.005,19430.417806811183,55.8,35860.62209751137,22.3148806733049,2736690.0,76841619087.0,0.784824735364742,2978.0,64.0423079024418,37.3540856031128,8.6,91.2041217246797,19.02996087646477,6468.0,902.0,66.54,747.0,-151.0,817.0,744.0,272.0
Armenia,ARM,99.5,12.0,50.772,8942.635378971643,37.5,12727.18367058328,5.345804418147253,28470.0,1408779202.0,3.58376691873744,-16782.0,69.877939557455,10.6870229007634,6.6,64.3268379506998,46.7265421292748,4.32,676.0,65.28,502.0,-217.0,893.0,0.47,464.0
Australia,AUS,100.0,11.0,61.836,43007.269782413096,79.0,120584.2911285712,1.7972862228583892,7682300.0,255271168301.0,1.67028165223311,235776.0,66.9662425056812,24.6666666666667,8.3,86.4451259136625,10.164255656560334,7196.0,945.0,70.36,935.0,0.27,368.0,728.0,214.0
Austria,AUT,100.0,10.0,57.252,46156.48320730371,80.03,89557.3324748084,2.091664764904237,82520.0,166485120910.0,0.783538525853244,45014.0,67.5601644337772,27.8688524590164,34.4,67.2085909812279,10.39389150679994,7401.0,945.0,70.1,0.92,114.0,771.0,712.0,157.0
Azerbaijan,AZE,100.0,9.0,58.398,15994.146650183662,54.2,38618.93389951787,2.8449826834262097,82658.0,23906983500.0,4.65861825196324,1986.0,72.0406993018106,16.0,2.8,53.8076442276208,57.1286972828041,4911.0,762.0,62.26,599.0,-143.0,763.0,523.0,266.0
Burundi,BDI,6.5,,77.448,637.2470801911008,1.22,2892.7354273789697,14.02941461403087,25680.0,111304734.0,2.5271777075949,22617.0,52.0409461695939,30.4761904761905,91.7,12.2244596804615,86.8255774927058,,,,,,,,
Belgium,BEL,100.0,12.0,49.306,42483.525066678776,80.72,88213.6828145695,2.205736424031884,30333.0,440240731914.0,1.0370296665755,45001.0,65.5288562215249,38.0,7.7,85.4915403816388,11.180030782914452,6935.0,927.0,69.52,855.0,-54.0,758.0,718.0,238.0
Benin,BEN,38.4,6.0,70.518,2346.0841620454694,4.5,2127.798335287001,7.69890807691425,112760.0,461932972.0,0.702056157787745,1260.0,53.2872357685967,8.43373493975904,50.3,44.0475065829838,83.6427278353874,3193.0,523.0,53.52,769.0,-111.0,806.0,563.0,231.0
Burkina Faso,BFA,15.1,10.0,76.292,1571.8388447731454,3.72503,2496.7049230344483,5.823999487959156,273600.0,2269832027.0,1.17602847916222,-20930.0,51.6719555176314,15.748031496063,79.2,24.8001912059054,80.7736607557773,3955.0,744.0,52.08,622.0,-68.0,726.0,487.0,0.3
Bangladesh,BGD,65.5,5.0,55.3,3434.2781509044744,5.0,3430.889765432602,8.164573676246349,130170.0,18692888699.0,1.18089723364654,-829875.0,62.4844425603217,19.7142857142857,37.3,28.4787972894576,60.4298109620797,4724.0,582.0,62.24,668.0,-48.0,765.0,537.0,183.0
Bulgaria,BGR,94.7,10.0,46.65,15468.93854260461,51.9,12903.405459981836,1.112178335577326,108560.0,26007945724.0,1.32981896505284,-26334.0,67.4917027281691,22.9166666666667,15.6,72.7684860229492,7.029757432240764,4222.0,838.0,65.48,641.0,-179.0,938.0,0.51,237.0
Bahrain,BHR,100.0,9.0,70.727,56712.56926561531,88.0,45817.87297617506,2.933947255512109,770.0,6719199599.9999895,3.8444905725653,12801.0,77.8244401271723,10.0,0.0,100.0,1.003625411830245,5027.0,911.0,65.48,682.0,,438.0,559.0,381.0
Bosnia and Herzegovina,BIH,99.7,9.0,36.484,9589.071812764794,45.0645,9748.354680845636,0.7957741387490245,51200.0,4962130320.0,1.14557192089501,-66378.0,69.0044599438137,21.4285714285714,15.3,46.3655655972,23.43569758653129,4773.0,779.0,67.0,0.42,-13.0,953.0,469.0,338.0
Belarus,BLR,95.6,9.0,59.871,18114.750860670767,46.91,12579.006442632905,75.24166671163474,202899.0,45321713700.0,1.22921872178113,10903.0,70.9909034339942,26.605504587156,7.2,75.5281066894531,7.74025905851783,5749.0,902.0,63.42,645.0,-221.0,657.0,515.0,181.0
Belize,BLZ,90.9,8.0,57.169,9303.378574552253,31.0,14234.37393706932,0.6970945577686223,22810.0,399663128.0,0.7961654160808339,1524.0,62.03986675199,3.125,47.9,44.6903068035216,29.47365918976949,,,,,,,,
Bolivia,BOL,90.4,14.0,66.664,7183.826024521069,35.34,7732.280121459692,7.100275501150492,1083300.0,11811628294.0,1.84560643919497,-11689.0,60.7689737934521,25.3846153846154,17.4,67.2581444827699,63.1116316927195,6019.0,781.0,62.1,862.0,-16.0,0.84,699.0,409.0
Brazil,BRA,99.5,8.0,59.738,15198.086330970971,48.56,17224.328811592935,7.943126937476279,8358140.0,235803515780.0,1.37865646470437,-179707.0,69.1357813616712,8.57699805068226,43.5,84.8973874181312,25.3469708350551,6.66,0.89,64.22,849.0,,623.0,685.0,0.35
Bhutan,BTN,91.5,,63.08,8577.407319010037,15.6,22273.206288114863,8.63679345640898,38117.0,531830667.0,,20.0,66.3908560052253,8.51063829787234,82.8,35.0188644248365,70.8006337502851,,,,,,,,
Botswana,BWA,56.0,,50.21,12736.58338910044,16.0,41737.08144462109,3.011796554290441,566730.0,6714245053.0,2.3437721258219297,-6636.0,62.4265721149389,7.93650793650794,27.8,64.3993247826904,28.27727795081627,4836.0,837.0,51.48,799.0,-195.0,814.0,695.0,171.0
Central African Republic,CAF,11.0,10.0,68.884,1062.068099410489,2.4,2804.37520646657,6.181036176926156,622980.0,113926566.0,1.7028452020621698,-111764.0,51.1986515278751,12.5,93.1,39.0301696038517,78.3627815713425,,,,,,,,
Canada,CAN,100.0,10.0,61.638,42291.97293570943,83.0,97040.90503806253,1.2184437411591205,8965590.0,454935959635.0,1.11840459807104,243748.0,68.8517946416003,24.6753246753247,21.8,81.1513483248791,10.580646243070587,7415.0,948.0,70.92,918.0,286.0,466.0,776.0,229.0
Switzerland,CHE,100.0,11.0,64.551,59440.91586076658,85.2,173458.02847955207,0.0637202441155153,39512.028,312397131141.0,0.669001710434324,67840.0,67.7253003887459,29.0,21.9,73.7522629583622,11.0492703473196,7776.0,947.0,71.52,945.0,132.0,323.0,793.0,176.0
Chile,CHL,100.0,12.0,57.499,21366.17712649087,55.05,34056.55263393653,0.7634666806630435,743532.0,77338153207.0,2.04588028294284,30870.0,68.7794974165082,14.1666666666667,30.3,87.0824943735696,19.1568100362915,6599.0,855.0,68.86,734.0,189.0,782.0,736.0,288.0
China,CHN,99.9,9.0,67.185,11420.252705114104,42.3001,16364.370058108683,2.405184127256206,9388211.0,2046563884487.0,1.70094267160117,-58864.0,72.6134379386083,21.3230355943586,11.5,53.1003112792969,39.114499073839895,5095.0,788.0,67.22,808.0,-187.0,,689.0,159.0
Cote d'Ivoire,CIV,55.8,10.0,62.411,3290.723069494571,4.4,6541.751844322091,-0.4040983607408748,318000.0,10737516436.0,1.10066387533087,-232712.0,54.8848348311622,10.4417670682731,74.9,48.1242507553354,77.9447888641947,,,,,,,,
Cameroon,CMR,55.2,6.0,71.371,3059.6422656825075,7.5,6631.645583880044,1.942285363888232,472710.0,4224946160.000001,1.17534857560788,-7523.0,53.4430044043765,13.8888888888889,78.6,51.5887119982861,75.9598247679606,4245.0,743.0,50.48,766.0,-38.0,898.0,617.0,284.0
"Congo, Dem. Rep.",COD,15.4,6.0,63.064,647.8017332849286,1.67996,5506.546547209218,4.734114429463517,2267050.0,4530008784.0,1.10722925521469,53668.0,50.9083464819355,8.94308943089431,95.5,40.1770385579151,80.6400587885107,4639.0,0.77,50.9,557.0,-33.0,807.0,626.0,0.23
"Congo, Rep.",COG,41.6,10.0,54.641,6058.0644941741175,6.1067,16094.711538736392,11.364090236871776,341500.0,7438009090.0,,-26643.0,56.352160659853,7.35294117647059,65.1,62.7187169094345,75.45281273191513,3919.0,622.0,53.76,773.0,-141.0,0.8,547.0,323.0
Colombia,COL,97.0,10.0,61.293,12093.075493917151,48.98,17641.502346955134,3.616655062684487,1109500.0,59597287048.0,3.1560058634042902,-56070.0,67.4426133978595,12.1212121212121,29.6,76.942211203265,44.89257262334593,6375.0,914.0,67.64,828.0,-12.0,868.0,829.0,294.0
Comoros,COM,69.3,6.0,42.051,2678.7026282059896,5.9753,3048.848284807674,4.27053673537911,1861.0,20595406.0,,-3835.0,55.3455359546499,3.03030303030303,68.3,29.397950693899,59.28408091468776,3956.0,719.0,57.48,534.0,-127.0,651.0,616.0,212.0
Costa Rica,CRI,99.5,13.0,58.472,14463.740444808696,47.5,31328.116896021973,4.733632972223319,51060.0,11442712583.0,,1587.0,68.2454627622799,38.5964912280702,38.1,73.3895020668217,24.97812857698932,7272.0,902.0,69.52,929.0,39.0,794.0,837.0,263.0
Cuba,CUB,98.3,9.0,53.182,,21.2,18669.107015076275,2.914057804851524,106649.0,3676934111.0,3.93759997812444,-36101.0,69.4125956020058,45.221843003413,19.4,76.7776920066844,16.359633689065475,,,,,,,,
Cyprus,CYP,100.0,10.0,56.289,30245.69921875,60.6899,22104.66933032577,1.6787741898187676,9240.0,1399502628.0,1.65475170209627,12237.0,71.8250518921878,10.7142857142857,8.6,67.3010289148738,12.49927064795632,6181.0,767.0,71.12,725.0,94.0,871.0,687.0,369.0
Czechia,CZE,100.0,9.0,54.548,29465.607401189383,73.43,31968.79549673144,1.3433901008586275,77230.0,157042846399.0,1.05560770651415,5347.0,68.7404703476191,22.0,12.8,73.2249239592898,15.029053767635746,6334.0,912.0,67.94,0.74,-158.0,957.0,635.0,257.0
Germany,DEU,100.0,13.0,56.737,44229.39419217385,82.35,76805.8217424858,1.4363362276585576,348540.0,1396047860532.0,1.21725965761789,199143.0,65.9715437998931,32.9032258064516,13.6,80.393447520218,6.845900190393106,6702.0,926.0,70.04,904.0,67.0,679.0,699.0,0.17
Djibouti,DJI,54.6,10.0,24.333,,9.4,,,23180.0,2730944056.0,,2104.0,60.6448943493518,13.8461538461538,32.3,70.7266311335377,32.85977044835752,,,,,,,,
Denmark,DNK,100.0,10.0,57.551,44755.16242730184,92.26,111734.27212147256,2.4078426105387223,40000.0,106135935340.0,1.35329314051826,16871.0,64.8353207706159,39.1061452513966,26.9,87.2336196899414,6.810477077153292,7.52,951.0,69.84,933.0,135.0,187.0,783.0,209.0
Dominican Republic,DOM,97.9,15.0,55.436,11776.62281035571,42.32,19205.442945269995,4.978475016719557,48310.0,8419209873.0,0.653151461976632,-36737.0,64.572136132279,20.7650273224044,16.5,74.2398679969568,43.18662946932245,4753.0,879.0,63.92,0.84,-64.0,727.0,725.0,297.0
Algeria,DZA,98.8,10.0,38.38,14441.32933988057,18.2,19153.374257809097,8.002446537775441,2381740.0,71865780596.0,4.10589825804389,-26763.0,67.3421404984508,31.6017316017316,0.2,68.3421258553675,28.23451541296824,5605.0,839.0,65.7,587.0,-177.0,0.69,0.54,0.23
Ecuador,ECU,97.2,15.0,60.431,10244.517781618391,35.1351,23559.32202484545,5.003235907948621,248360.0,23549272963.0,2.95181465866835,-7883.0,63.3757966282722,32.258064516129,13.2,62.8408732819135,45.62485136605589,5961.0,785.0,66.48,825.0,-87.0,0.73,767.0,333.0
"Egypt, Arab Rep.",EGY,99.7,9.0,42.385,10342.431711275389,26.4,17313.42351920251,19.482877469414788,995450.0,28004155832.0,1.64817579267929,-2626.0,62.0961057401256,1.96850393700787,5.3,42.8118514138525,16.01514195283943,4204.0,737.0,61.82,452.0,-137.0,0.88,458.0,398.0
Spain,ESP,100.0,10.0,44.678,31869.78398222193,69.81,66406.4688457896,-0.2029549922291948,500210.0,282606692796.0,1.41695174735802,-153486.0,67.4834730652077,36.0,15.8,78.8455680301618,12.3002839913515,6291.0,937.0,71.24,755.0,-63.0,844.0,644.0,366.0
Estonia,EST,100.0,9.0,55.117,26242.528265901423,78.3899,26719.07941809826,4.205529813798407,42390.0,15733442260.0,1.87984897526434,-3674.0,66.5458455061787,20.7920792079208,25.0,67.9629593320316,7.780677747947449,5364.0,889.0,67.46,697.0,-195.0,793.0,627.0,199.0
Ethiopia,ETH,29.0,8.0,79.505,1178.974745530263,2.9,1672.2848241881604,33.54140501582697,1128582.1,3049507622.0,0.868361507077892,119517.0,52.5662496261565,27.7879341864717,93.3,18.2061367034912,88.0693385117263,4561.0,659.0,56.32,776.0,-44.0,,556.0,137.0
Finland,FIN,100.0,9.0,55.006,40739.113180942055,89.88,97846.42399797858,2.945346022826456,303890.0,72653870144.0,1.53160526604717,17894.0,65.1075093394932,42.5,38.7,70.3661363168712,10.085280760208793,7.42,928.0,70.04,921.0,-5.0,361.0,742.0,202.0
France,FRA,100.0,10.0,50.693,37671.02392685652,81.44,70902.78881210026,1.0820469008958329,538950.0,563841301731.0,1.87154409463222,103287.0,63.9822023210968,26.8630849220104,12.3,77.1669464919916,7.115912742946644,6649.0,937.0,71.4,841.0,-153.0,608.0,705.0,253.0
Gabon,GAB,89.3,10.0,39.86,14619.718144511296,24.0,104493.9018963162,-2.941902703606104,257670.0,12069451968.0,1.61980464787095,19973.0,58.9065290587228,15.7894736842105,75.5,86.8838635787001,31.28831711758307,3972.0,736.0,54.92,566.0,-195.0,0.81,504.0,266.0
United Kingdom,GBR,100.0,11.0,56.858,38336.59618444192,87.48,86177.4061084145,1.5477686420474868,241930.0,450842961928.0,2.4178174835809902,172088.0,65.2614604980162,22.4615384615385,4.2,81.2905667759508,12.133290795534329,6881.0,935.0,69.52,889.0,367.0,425.0,739.0,184.0
Georgia,GEO,100.0,9.0,53.639,10059.98206039542,36.94,15237.461286368703,0.2911664714226276,69490.0,2377197898.0,2.91212426772649,-39290.0,67.6326862206997,12.0,28.7,56.1683526759979,55.2276384593053,4254.0,533.0,63.9,659.0,-272.0,321.0,443.0,0.25
Ghana,GHA,56.5,11.0,69.474,4933.652543490927,10.6,7542.943217505605,15.205278739660486,227540.0,15760752734.0,0.593208552483374,1005.0,57.706675235943,,46.5,51.9197918381031,72.1818583083342,5057.0,685.0,55.18,679.0,38.0,898.0,709.0,152.0
Guinea,GIN,26.2,6.0,54.928,1789.9747303356132,3.1,5863.980703892687,11.515961112342453,245720.0,2099382550.0,2.2450873570406897,-32808.0,52.4176606123995,,76.4,34.3313936933767,84.74409624610189,3652.0,542.0,51.14,646.0,0.0,794.0,657.0,285.0
"Gambia, The",GMB,49.9,9.0,42.988,2064.814381216122,12.4492,2171.1762082380874,3.8451602137207175,10120.0,119777558.0,0.792325301857297,-2332.0,53.2544138315678,7.54716981132075,57.0,57.3207304207091,74.2727757710023,,,,,,,,
Greece,GRC,100.0,10.0,39.059,24582.97419575074,55.07,53058.04988115262,-0.3345699257842511,128900.0,33131895828.0,2.47639628901893,-65364.0,65.4403133152416,21.0,14.2,76.8679797449322,29.63380174592202,5096.0,812.0,70.16,373.0,-308.0,959.0,544.0,352.0
Guatemala,GTM,86.8,16.0,63.318,7258.316674678833,16.0,10712.349087292723,3.377750844125927,107160.0,9933979989.0,0.475870730886697,-32624.0,57.9383453416222,13.2911392405063,67.4,52.3523385176,38.1209424194401,5856.0,802.0,60.66,865.0,18.0,821.0,808.0,349.0
Guyana,GUY,85.1,6.0,49.437,10626.825667446348,30.5,15752.890973684704,4.727615066650557,196850.0,1436054321.0,0.825543220373685,-7152.0,64.0113709376468,31.3432835820896,28.7,26.3999996185303,30.53454927267794,,,,,,,,
"Hong Kong SAR, China",HKG,100.0,9.0,57.781,52149.6812694206,72.9,38717.04665689557,3.544808385407805,1050.0,442885440945.0,,35557.0,74.4871693212986,,0.2,100.0,6.967854673530529,5484.0,826.0,,0.88,218.0,0.38,0.58,183.0
Honduras,HND,83.6,12.0,56.207,4016.346091018008,18.12,7281.95876123991,3.579787426137557,111890.0,4387491911.0,1.13179437578958,-5891.0,60.0397368858438,19.53125,49.3,52.6641557109031,41.19369616768869,4602.0,779.0,61.9,0.7,-4.0,871.0,796.0,294.0
Croatia,HRV,100.0,8.0,43.09,20482.237216881607,61.94,23747.306377533205,1.411502963319407,55964.0,12173892832.0,1.65593775106979,-4794.0,66.8433180453821,23.841059602649,29.4,55.3042888624873,13.000618274661331,6028.0,776.0,67.54,542.0,-247.0,924.0,572.0,271.0
Haiti,HTI,37.9,6.0,56.454,2830.190805597091,9.8,9046.240037517538,8.20779379091175,27560.0,869443097.0,,-29658.0,60.5644835699086,4.21052631578947,82.2,47.4314843495779,74.3008845408301,4413.0,749.0,38.64,482.0,246.0,717.0,557.0,284.0
Hungary,HUN,100.0,13.0,47.052,23205.310668404007,70.58,24378.71237787409,2.8771245355042794,90530.0,103594387079.0,1.0292472545828,15286.0,68.5314900042081,8.80829015544041,16.5,69.5772326660156,8.57322785868027,4683.0,906.0,66.12,569.0,-0.14,0.93,582.0,315.0
Indonesia,IDN,96.0,9.0,64.404,9530.290711367175,14.52,12634.016223484845,3.753878753236535,1877519.0,189992819858.0,0.711549473406383,-28869.0,66.4915446182363,18.5714285714286,30.1,51.1593933105469,51.2865487748644,5368.0,834.0,61.64,0.77,352.0,962.0,764.0,229.0
India,IND,79.9,8.0,49.418,4819.642882187311,11.1,4354.281204344959,7.934387477929604,2973190.0,292372557767.0,2.61816634758562,-198935.0,64.4911322144707,11.0091743119266,34.8,31.5898935604399,79.6487446201012,4.72,511.0,58.02,609.0,65.0,0.83,544.0,295.0
Ireland,IRL,100.0,10.0,52.073,46726.21576653661,76.92,201467.24347701564,2.4374790995117337,68890.0,118178225969.0,0.509289132793347,-22411.0,66.4288763887645,15.0602409638554,6.9,62.2529318511038,13.374612838475564,6965.0,962.0,70.34,902.0,297.0,573.0,721.0,237.0
"Iran, Islamic Rep.",IRN,99.5,8.0,36.641,17021.371679292053,22.73,17555.525371234664,18.9538841448278,1628760.0,83224535818.0,2.68660846849974,-57823.0,71.2923376098067,3.10344827586207,0.9,71.7633634041294,40.71132406174607,4609.0,0.6,65.28,764.0,,678.0,529.0,525.0
Iraq,IRQ,99.3,6.0,37.723,14402.03408939552,7.1,32665.20346063535,2.6697693827682656,434320.0,89988934635.0,1.89956836613945,753907.0,56.0511596510963,25.2307692307692,1.3,69.2222213745117,28.86561122564219,4.66,0.73,60.86,315.0,-15.0,789.0,0.41,449.0
Iceland,ISL,100.0,10.0,69.821,42004.44761105966,96.2098,94552.392373499,3.507314987342156,100250.0,5063359924.0,,-277.0,66.5237088210497,39.6825396825397,77.7,93.514892578125,11.804675932962928,7591.0,979.0,71.6,905.0,236.0,759.0,817.0,157.0
Israel,ISR,100.0,13.0,60.847,32483.742187273827,70.8,95254.02601299292,3.421560376140363,21640.0,60445100000.0,5.51022054656508,16549.0,61.5194273809556,20.0,2.9,91.7276502819515,7.835691566065141,7111.0,903.0,71.56,681.0,0.15,862.0,611.0,319.0
Italy,ITA,100.0,12.0,43.608,36281.10142435061,55.83,62752.08391485811,1.702379823175022,295718.0,495941922403.0,1.41946238544527,252524.0,65.0318565461314,21.4285714285714,14.4,68.7608794235259,17.23377203220809,5839.0,869.0,71.3,0.57,109.0,908.0,651.0,388.0
Jamaica,JAM,93.1,6.0,55.451,8830.650794790497,33.79,14194.148086420562,6.571903616308973,10830.0,1715431643.0,0.929536056664277,-10498.0,68.4009695465711,12.6984126984127,12.2,54.2478817703732,37.51820501595059,,,,,,,,
Jordan,JOR,99.5,10.0,33.364,9738.537469261935,37.0,23658.54160164261,4.6068152259388455,88780.0,7108630568.0,4.65572090662121,-146181.0,61.3507351761256,10.8333333333333,2.9,84.9592629639423,9.871662666581496,5132.0,829.0,67.06,693.0,-173.0,,469.0,345.0
Japan,JPN,100.0,9.0,56.44,37605.97426145393,79.4964,75215.78078656115,-0.7560931194024363,364500.0,796680155053.0,0.956761841659896,67904.0,62.2912286364192,7.91666666666667,4.7,91.0265277326652,9.319310908481931,5968.0,905.0,73.24,753.0,,692.0,708.0,171.0
Kazakhstan,KAZ,100.0,9.0,66.985,21367.21805953721,61.9066,32907.89538249673,4.785569810667539,2699700.0,92272840271.0,1.04690637071706,-4512.0,67.4460649900099,24.2990654205607,1.3,54.69208192838,29.208204927826927,5759.0,892.0,61.6,0.84,-175.0,877.0,667.0,184.0
Kenya,KEN,38.1,8.0,71.96,2847.270682868462,10.5,6384.736071558219,9.522972211548478,569140.0,5724599361.0,1.48957729008126,-42928.0,54.6416536087075,9.82142857142857,76.2,31.8558130142761,60.3859276717689,4547.0,831.0,54.54,628.0,56.0,911.0,667.0,194.0
Kyrgyz Republic,KGZ,99.8,9.0,59.176,3588.679888240255,19.8,2058.132823327677,8.656316808811866,191800.0,1669978729.0,3.20725902845126,-12503.0,64.7498586417424,23.3333333333333,22.4,35.218916221918,34.9804739799448,5208.0,856.0,62.44,703.0,-81.0,892.0,0.58,182.0
Cambodia,KHM,42.3,,82.568,3583.482297394369,4.94,3686.820951400946,2.6384360853477062,176520.0,7827088311.0,1.21900137646164,-52874.0,63.4508648344635,20.3252032520325,64.4,23.9411047582349,56.2800241776482,3899.0,606.0,59.68,956.0,245.0,0.89,713.0,352.0
"Korea, Rep.",KOR,100.0,9.0,59.215,35061.5531929083,84.07,77241.79341452268,1.2920829065387949,97310.0,542684456171.0,2.39205949733254,281866.0,73.1085643578894,15.6666666666667,1.6,81.9087898200378,20.76497460677701,6003.0,775.0,71.34,618.0,,844.0,0.61,206.0
Kuwait,KWT,100.0,9.0,69.149,82089.72613314496,70.45,149073.51168218686,7.487252360966124,17820.0,9720305768.0,3.41374157981372,127777.0,75.9889871966797,6.15384615384615,0.0,100.0,0.589700862755826,6221.0,889.0,69.6,934.0,,,794.0,95.0
Lao PDR,LAO,76.4,5.0,59.681,4780.947330001665,10.7477,21903.32924820488,7.528859304956882,230800.0,2910592983.0,0.199455064976167,-28871.0,61.1389085835234,25.0,62.4,31.7422801040872,81.2324442154023,4876.0,693.0,58.16,,0.23,,741.0,387.0
Lebanon,LBN,99.5,9.0,42.045,16121.335238646026,61.2498,21082.565520677508,7.486051875492336,10230.0,5364410690.0,3.99214379436289,124427.0,67.9317945765853,3.125,5.6,88.0195066808075,20.238782870814912,4573.0,713.0,65.52,621.0,-14.0,856.0,442.0,339.0
Liberia,LBR,9.3,6.0,75.311,1156.9531944800333,2.6,2762.011648007721,7.797157163659293,96320.0,19057206.0,0.567439252336449,-25710.0,54.3794613522596,10.958904109589,86.2,49.1773247639526,78.01264777388536,,,,,,,,
Libya,LBY,78.7,9.0,39.799,26826.072975673305,15.2,113721.0916344282,5.981930503721827,1759540.0,55192049012.0,3.74560382719202,5211.0,64.1079955707154,16.5,2.6,88.0727920532227,19.49288360790212,5754.0,855.0,65.14,712.0,-74.0,791.0,633.0,316.0
Sri Lanka,LKA,87.0,9.0,50.53,10249.167063771449,,10527.966671867953,10.463447180026762,62710.0,8977326735.0,2.15519951243996,-41955.0,66.8511754056245,5.77777777777778,52.9,18.2617686748284,40.73897488085129,4225.0,824.0,65.16,0.8,155.0,823.0,761.0,197.0
Lesotho,LSO,20.6,7.0,55.448,2291.4956531127013,10.0,4116.994353607212,2.1820480175295245,30360.0,666181601.0,2.1482397878668498,-6425.0,59.4474561832758,26.6666666666667,40.8,29.8970340055453,33.90537262618121,,,,,,,,
Lithuania,LTU,100.0,10.0,50.028,23275.25175535882,67.23,30821.64611765331,2.505180932229252,62674.0,29440234712.0,0.769173393857888,-21387.0,67.084553426923,24.4604316546763,23.9,66.8536758422852,10.21877252975791,5771.0,919.0,64.7,503.0,-277.0,957.0,557.0,277.0
Luxembourg,LUX,100.0,12.0,55.274,96636.426643956,91.9499,185755.6931424912,3.265977218991935,2574.46,18589466586.0,0.358937251707305,10273.0,68.9684008305906,21.6666666666667,4.2,89.4405768017292,5.761898501183276,6964.0,914.0,70.9,917.0,49.0,403.0,726.0,227.0
Latvia,LVA,100.0,11.0,50.697,19416.516738212536,73.1199,24619.587599572493,2.8785672948142604,62227.0,13973003114.0,0.942934638140067,-11914.0,66.9611259226785,23.0,40.4,67.8331638942219,9.367914008682906,5125.0,851.0,64.9,564.0,-42.0,895.0,588.0,232.0
Morocco,MAR,96.4,9.0,44.058,7307.6123046875,55.4161,11928.81565958868,0.5331724619263838,446300.0,18713705711.0,3.46275007931538,-65251.0,65.8772894808751,16.9620253164557,10.9,59.4348555979895,39.95511906617399,4.97,676.0,62.82,757.0,-184.0,845.0,641.0,281.0
Moldova,MDA,99.5,9.0,63.369,7254.662490323135,34.65,7929.116058025227,7.424222019975218,32860.0,2152847892.0,0.27407991661782,-81215.0,72.1829774166136,19.8019801980198,22.1,39.3614196777344,56.68429236924198,5996.0,826.0,61.76,602.0,-52.0,955.0,564.0,314.0
Madagascar,MDG,18.7,5.0,85.84,1463.6175692644745,2.3,1871.7680318368057,5.466174863333691,581795.0,1139331078.0,0.592764957720632,-2334.0,54.0856517127504,17.4863387978142,83.3,28.3988032871081,86.1079263289671,3551.0,673.0,55.58,487.0,-54.0,854.0,588.0,194.0
Maldives,MDV,99.2,7.0,49.217,13988.597386542926,38.9301,13404.364548384276,6.910537811510807,300.0,161606761.0,,6800.0,71.4625482785186,6.49350649350649,1.2,37.475963433544,23.99126001456666,,,,,,,,
Mexico,MEX,99.1,14.0,58.226,18004.793560754235,39.75,32702.46999147094,4.542214937769046,1943950.0,370082335000.0,0.455502051174913,-128485.0,64.6984476739343,36.8,9.0,76.6585199140734,26.59157065658389,7.32,767.0,65.38,788.0,-97.0,633.0,722.0,278.0
North Macedonia,MKD,99.6,13.0,37.395,12056.905455025344,57.4499,11177.838190396227,1.002998266724347,25220.0,4272580852.0,1.22531966171625,-19083.0,69.1426503923837,32.520325203252,18.3,58.3924217811729,22.00591532413278,4.64,798.0,65.06,613.0,-89.0,0.92,551.0,422.0
Mali,MLI,25.6,9.0,69.506,1990.148052410918,2.8,6780.882404258056,4.854597867582385,1220190.0,2091195780.0,1.19640574526633,-140507.0,49.6228629626086,10.2040816326531,81.2,24.1606168848588,81.77548455167,4313.0,823.0,51.98,704.0,-88.0,787.0,647.0,109.0
Malta,MLT,100.0,11.0,49.391,29101.398856299897,68.1999,31524.1538167735,2.1606388753676526,320.0,3526300231.0,0.519475728040563,911.0,68.7511207530054,8.69565217391304,2.7,94.3626256493653,10.627954836197787,5963.0,922.0,70.76,861.0,345.0,,639.0,391.0
Myanmar,MMR,55.3,5.0,64.644,3845.152841536713,1.4,4107.007709745021,3.130096952638283,653150.0,9052944791.0,4.12480380212694,-61536.0,67.1575927064962,6.03248259860789,78.1,29.3956289363345,64.44365894195471,4439.0,612.0,58.16,691.0,649.0,695.0,574.0,205.0
Montenegro,MNE,99.3,9.0,39.644,13067.4275912672,56.8388,15008.184143384611,0.3742200287937294,13450.0,469949629.0,1.65646177250839,-1583.0,67.6981721753954,17.2839506172839,45.9,64.5244008658951,13.53083997547518,5219.0,704.0,66.36,462.0,-196.0,755.0,468.0,379.0
Mongolia,MNG,83.7,12.0,57.324,10151.721799816532,16.4,12179.969430799794,12.7843788573595,1557251.947,4384697757.0,0.924305618490081,351.0,68.0762622524602,14.8648648648649,3.0,67.9522782537785,47.44580752946248,4885.0,919.0,58.64,688.0,103.0,932.0,524.0,181.0
Mozambique,MOZ,21.2,,78.332,1075.8778608536088,5.0,3622.255283561235,3.1752345743067707,786380.0,3469317343.0,0.8335311622955249,-63131.0,51.437574807615,39.2,84.5,31.4315251735105,84.8516900713105,,,,,,,,
Mauritania,MRT,36.4,9.0,39.255,3464.9766109926945,5.0,11310.94987716718,0.4558371613962606,1030700.0,2623115028.0,2.11497466612287,4515.0,52.1745719990473,22.1052631578947,31.9,48.2732447351525,54.467329089698914,4673.0,763.0,58.0,487.0,-24.0,707.0,749.0,164.0
Mauritius,MUS,99.4,11.0,54.304,17259.401801135704,35.42,15214.806448969548,2.48495986952824,1997.0,2234638155.0,0.14279440115901,-3663.0,72.1949393796008,18.8405797101449,11.4,40.0369511615085,18.40030753001542,,,,,,,,
Malawi,MWI,7.4,8.0,68.294,1464.0432395779596,4.3506,3374.326811347897,17.63976447418412,94280.0,1201797968.0,0.5437716369346021,-13561.0,50.5189668696999,22.279792746114,80.2,15.6253133040464,61.40409775415347,4279.0,604.0,51.72,637.0,144.0,886.0,717.0,0.2
Malaysia,MYS,99.8,6.0,61.038,22638.54069440093,65.8,27520.196369641755,0.9999323034708852,328550.0,227685599809.0,1.41333070740643,134975.0,67.7884774383133,10.4072398190045,2.5,71.9680127926087,23.547254877551275,5914.0,841.0,65.56,848.0,15.0,847.0,744.0,177.0
Namibia,NAM,46.4,7.0,47.884,9363.766323180293,12.9414,30091.704150966754,11.260308473434904,823290.0,5110666980.0,3.16654259121144,10957.0,59.8704169313249,24.3589743589744,31.9,43.3804079185694,31.90289821553548,,,,,,,,
Niger,NER,14.4,,75.959,1161.7890828976665,1.05,4064.56773508562,5.308339371789074,1266700.0,1375391503.0,1.6239843687230902,18714.0,48.127986404713,13.2743362831858,72.7,16.2141284004355,86.5940614905656,3798.0,0.7,52.78,734.0,-64.0,777.0,582.0,142.0
Nigeria,NGA,53.0,9.0,78.007,6670.838262436268,16.1,9510.62943859918,9.94763670634964,910770.0,134507110247.0,0.504264930204985,71138.0,52.5270788696892,6.66666666666667,83.9,53.302114902293,68.6764005074477,5493.0,818.0,52.14,652.0,65.0,0.9,782.0,209.0
Nicaragua,NIC,81.3,7.0,60.953,4507.943028666958,13.5,6244.599465864566,6.2433592625323655,120340.0,2659550687.0,0.6659035537212931,-27389.0,62.1920067768274,40.2173913043478,53.3,57.2316842226606,41.0628956316593,5448.0,894.0,64.9,0.85,15.0,644.0,762.0,255.0
Netherlands,NLD,100.0,13.0,62.892,47653.34016513706,92.86,89167.82036932617,1.3291296208736585,33720.0,649366203876.0,1.22552534668627,14861.0,66.3807718191341,38.6666666666667,4.9,88.5342462391333,11.277777430558883,7471.0,939.0,70.98,877.0,284.0,434.0,753.0,226.0
Norway,NOR,100.0,10.0,64.976,65774.35207462238,94.65,220863.16598613857,3.3530893188516586,365244.0,160876280748.0,1.39318999611811,47883.0,66.0309866129184,39.6449704142012,56.9,79.4905925441617,5.040957639817177,7678.0,948.0,70.6,947.0,141.0,368.0,798.0,213.0
Nepal,NPL,75.2,,36.37,2465.834694491314,11.1493,1540.696859326407,7.741150029679702,143350.0,870651646.0,1.24370217046399,-371707.0,60.2828354472857,33.1649831649832,84.7,63.6558406194333,80.88676978123391,4233.0,734.0,60.02,638.0,0.06,883.0,538.0,231.0
New Zealand,NZL,100.0,10.0,62.953,33054.89367510883,81.6445,77168.6660169964,-0.1789246193040696,263310.0,36522590960.0,1.11637221213693,-1015.0,65.6846552552074,32.2314049586777,28.8,85.777700676896,14.24770178604318,7.25,0.93,69.84,902.0,282.0,289.0,786.0,207.0
Oman,OMN,100.0,,63.629,49989.44250939939,60.0,58760.02603582679,3.6064342687494673,309500.0,50686405787.0,10.5832031528957,322812.0,74.6218289814047,1.19047619047619,0.0,76.088156621068,3.12254805243669,,,,,,,,
Pakistan,PAK,88.6,12.0,49.238,4046.598487663112,8.1,3716.7164859315135,9.918315437763964,770880.0,24613371301.0,3.09577353673779,-1647989.0,57.2279328209218,22.5146198830409,47.2,35.2160229383731,59.0935516553742,5132.0,542.0,55.02,367.0,0.16,842.0,0.51,332.0
Panama,PAN,89.3,11.0,62.56,19473.251491839008,40.3019,36146.33857001048,6.318294750688636,74340.0,774024791.0,,5447.0,64.6899366111189,8.45070422535211,21.2,65.2829468288151,30.99598458222664,6.86,897.0,67.82,783.0,-6.0,796.0,838.0,207.0
Peru,PER,91.1,14.0,75.919,10757.15222343512,38.2,19254.89795391643,1.202584940227382,1280000.0,45094612843.0,1.48351279277452,-118863.0,63.8537658044574,21.5384615384615,30.8,78.6488061451268,51.8022036170935,5825.0,764.0,68.02,703.0,-82.0,867.0,705.0,398.0
Philippines,PHL,87.1,11.0,59.57,6094.268373386576,30.8,12250.952305440478,1.9941760968025195,298170.0,51976928745.0,1.10670418975985,95702.0,61.7186610350509,22.887323943662,34.1,47.9182784810426,36.5873196677334,5002.0,813.0,61.72,914.0,51.0,771.0,811.0,351.0
Poland,POL,100.0,10.0,51.071,23728.145682143484,62.31,26822.38429288053,2.183433573945237,306220.0,185014990587.0,1.80404649861118,4635.0,70.8309123377924,23.695652173913,10.9,60.6341632788866,23.05644216675608,5876.0,936.0,67.46,811.0,-29.0,888.0,711.0,267.0
Portugal,PRT,100.0,12.0,50.803,26476.218277726937,60.34,33388.65198345944,-0.3764021767265149,91590.0,56435210194.0,1.40383146309083,-37083.0,65.8555190404398,28.695652173913,25.5,61.1409793914666,14.89006500586314,4994.0,866.0,69.78,774.0,-101.0,959.0,631.0,0.37
Paraguay,PRY,97.8,13.0,68.365,10954.32515701373,29.34,23416.41222888772,4.798275878634755,397300.0,7245948899.0,0.9645067880336908,-17763.0,63.3683047403022,12.5,63.4,59.9212909454702,42.11178178558734,5.82,931.0,65.36,748.0,191.0,774.0,849.0,213.0
West Bank and Gaza,PSE,99.8,10.0,33.675,5214.648653991273,43.4,13721.955515784894,2.867734026432373,6020.0,782368745.0,,-26916.0,55.9078412445292,,12.2,84.5465135943222,26.73722567525403,4647.0,782.0,,542.0,-161.0,0.73,0.56,379.0
Qatar,QAT,100.0,9.0,85.856,180939.439450305,69.3,130010.4407423776,6.329891993261953,11610.0,131932642643.0,,77091.0,84.4749430685165,0.0,0.0,98.7428010471968,0.3083498746100982,6611.0,838.0,65.38,924.0,0.15,,683.0,322.0
Romania,ROU,97.8,10.0,46.642,18766.151172754624,45.88,19662.191281026306,3.810239421923285,230020.0,57831562666.0,1.17392522752233,-37589.0,67.987473244784,13.3495145631068,21.5,53.9563092496073,23.01823628207827,5167.0,0.74,65.76,645.0,-117.0,959.0,0.52,343.0
Russian Federation,RUS,100.0,9.0,59.511,24273.517578125,66.0,20546.18452568684,8.907868420878344,16376870.0,523988578357.0,3.68924043459907,285977.0,71.5757065534545,13.5555555555556,3.2,73.97265625,5.764681744421488,5621.0,901.0,61.38,609.0,-296.0,938.0,563.0,174.0
Rwanda,RWA,17.5,6.0,53.752,1454.5250789138802,8.02385,2830.6090300888413,4.722834658005496,24670.0,387159257.0,1.04224962789709,-25260.0,55.2987141803051,56.25,88.8,16.9410248882148,43.467304363922665,3333.0,637.0,57.1,835.0,-11.0,81.0,624.0,132.0
Saudi Arabia,SAU,100.0,9.0,52.28,65033.61618180771,54.0,106702.6906920898,4.451278938990427,2149690.0,520281349822.0,7.615807602284649,479206.0,71.3417737515747,0.0,0.0,82.4311918025358,2.625605432809542,6396.0,867.0,62.6,0.56,-0.12,,692.0,225.0
Sudan,SDN,40.7,8.0,39.716,3710.376953125,,6648.773767152606,30.12859313955581,1868000.0,3192178000.0,,-232196.0,52.8584998831899,24.5762711864407,63.7,33.1425561614901,39.5815031602764,4.55,813.0,58.18,412.0,-69.0,734.0,511.0,242.0
Senegal,SEN,56.5,11.0,45.155,2764.2613070848224,10.8,7019.869902289273,3.2741115761676127,192530.0,2114176874.0,1.11347959476351,-42978.0,53.7078017649908,42.6666666666667,49.6,44.5359772452989,66.7561475391985,3669.0,711.0,57.3,668.0,-39.0,852.0,722.0,214.0
Singapore,SGP,100.0,6.0,65.416,82107.72708920916,72.0,118394.98578595767,0.4953457712008742,706.0,406132009315.0,3.10816619008299,78501.0,78.8186833661434,24.2424242424242,0.5,100.0,9.281574313688871,,,,,,,,
Sierra Leone,SLE,17.2,9.0,56.266,2317.191399752804,2.5,12008.987637109472,14.109569591271793,72180.0,115485988.0,0.517911005474655,988.0,53.9481352692991,12.396694214876,79.1,39.4644094876975,87.4295836435811,,,,,,,,
El Salvador,SLV,93.7,9.0,57.883,6708.390322462836,20.3214,11032.28188469323,2.475549962784001,20720.0,5338177548.0,1.04880962679117,-50546.0,62.5541893776144,26.1904761904762,30.3,67.2232666950659,37.54443530724074,5934.0,806.0,64.04,683.0,-158.0,786.0,784.0,365.0
"Somalia, Fed. Rep.",SOM,51.8,,27.807,1002.9322657147032,1.3767,,5.770544936566097,627340.0,481009689.0,,-51833.0,49.7407003143889,13.8181818181818,93.9,40.2722730087349,47.7763994563787,5057.0,786.0,,758.0,,334.0,687.0,152.0
Serbia,SRB,99.8,8.0,38.117,13743.56839270749,48.1,17376.695384790153,6.044044503149308,87460.0,11349752361.0,1.91798161392813,-18513.0,68.098876897828,33.2,19.5,59.3468437194824,28.42040583441835,5155.0,819.0,65.98,461.0,-134.0,952.0,447.0,371.0
South Sudan,SSD,3.3,8.0,64.146,1417.38566439045,,75175.70643226868,46.50690475548015,631930.0,139123772.0,8.77114861951039,125771.0,55.5263038013283,26.5060240963855,30.6,18.0321885447664,82.23527544846829,,,,,,,,
Suriname,SUR,94.6,6.0,49.528,15184.925468040869,34.6812,27264.34455640936,10.735200604833082,160507.61,710155100.0,,-1011.0,64.2978637939829,11.7647058823529,15.8,66.3132562693376,18.21864830207568,6269.0,797.0,62.84,885.0,-86.0,751.0,0.73,0.25
Slovak Republic,SVK,100.0,10.0,50.917,27022.7747321382,76.71,26404.300937685875,1.3388823912712835,48088.0,80711291822.0,1.0769371641209,871.0,71.7045328186371,18.6666666666667,10.5,54.2764528316182,12.87110217108618,5911.0,926.0,66.94,0.62,-0.03,907.0,585.0,302.0
Slovenia,SVN,100.0,9.0,52.717,28786.710551768625,68.35,44647.877993975926,0.6266185908224742,20145.7,32159244431.0,1.17717193840362,1117.0,68.7880511619956,32.2222222222222,20.2,49.7619476318359,14.54308356119877,6063.0,925.0,69.52,904.0,-23.0,891.0,598.0,284.0
Sweden,SWE,100.0,9.0,58.46,45206.98644347269,93.18,121102.1457967009,0.949478662939768,407339.7,169930986439.0,1.13574610579856,52879.0,64.2350876804122,44.6991404011461,48.3,85.6250668883122,7.8551699133271375,7.56,929.0,71.28,944.0,129.0,254.0,796.0,0.17
Eswatini,SWZ,54.3,7.0,38.583,7760.322804562855,20.7818,19571.598189308315,9.1968020282589,17200.0,1844417169.0,1.91455696202532,-12294.0,58.8848200871369,13.6363636363636,68.8,22.6237715926065,34.29155667918354,,,,,,,,
Syrian Arab Republic,SYR,90.7,9.0,33.79,,24.3001,3914.060270089079,26.24625524855506,183630.0,2382479666.0,,-999267.0,59.9091027421749,12.0,2.0,65.0896662830335,33.93688165335609,3164.0,588.0,61.58,467.0,312.0,673.0,451.0,705.0
Chad,TCD,7.8,10.0,62.565,2435.1240819184018,2.1,17809.120555600137,6.524627222704567,1259200.0,3106071424.0,,9514.0,49.159389775095,14.8936170212766,76.1,22.1061904148178,90.0903958186481,4033.0,673.0,49.36,563.0,-36.0,884.0,498.0,316.0
Togo,TGO,39.1,10.0,57.006,1645.3129039742405,4.0,2210.4736488345734,1.7503744911882675,54390.0,1112357128.0,1.62464311756716,-1983.0,55.5980957466944,11.1111111111111,72.7,38.4194359598204,81.1038035673548,,,,,,,,
Thailand,THA,99.1,9.0,72.403,14616.64979253916,26.46,17261.03886973835,1.9091444419967445,510890.0,226257323861.0,1.38988888346862,74033.0,71.6211926251962,15.8,23.6,45.373565813715,55.9679533802875,6.3,906.0,67.46,847.0,378.0,909.0,733.0,138.0
Tajikistan,TJK,99.1,9.0,38.401,2679.0692960896963,14.51,6686.805557576664,11.868515588829323,139960.0,1329934578.0,0.9991427228229308,-12132.0,60.3349927452719,19.047619047619,55.8,26.4102249145508,30.9649507973375,4497.0,729.0,61.1,749.0,-78.0,717.0,583.0,198.0
Turkmenistan,TKM,99.9,10.0,43.029,11035.451277852955,7.1958,,8.270084082418734,469930.0,9626344513.00001,,7125.0,66.6711227449281,16.8,0.0,46.9603023107661,32.45052078292226,5464.0,946.0,60.74,786.0,-123.0,,541.0,117.0
Trinidad and Tobago,TTO,100.0,6.0,61.257,31883.229748376565,57.5,54003.53327794573,0.3448425780852204,5130.0,13200932806.0,0.641229257894688,-880.0,73.2010195119137,28.5714285714286,0.4,53.9254053431618,15.899731163263825,,,,,,,,
Tunisia,TUN,99.5,9.0,39.744,10614.531301193969,41.4416,10703.63715771053,4.661810781030539,155360.0,16297441017.0,1.43987394498013,-26059.0,69.169500582966,26.7281105990783,13.0,67.2098922729492,20.01376691580377,4464.0,614.0,66.46,568.0,-181.0,899.0,0.49,327.0
Turkiye,TUR,100.0,12.0,45.357,20739.272548850568,45.13,27303.215113885024,7.293413873362311,769630.0,149043300837.0,2.0094481178694097,258623.0,67.5506129393903,14.1818181818182,13.0,73.7788680234324,30.727703994997,5309.0,739.0,67.22,471.0,-219.0,702.0,506.0,335.0
,,,,,,,,,,,,,,,,,,6126.0,825.0,,698.0,17.0,803.0,702.0,0.14
Tanzania,TZA,15.3,7.0,82.429,2083.48486328125,3.95,5495.724403430524,10.48389399740384,885800.0,5546987995.0,0.91379934806313,-49875.0,52.0201281031078,36.0,85.2,29.4878764597911,86.4700209879858,4007.0,832.0,54.72,577.0,213.0,887.0,641.0,195.0
Uganda,UGA,20.5,7.0,67.436,2031.946695388145,4.8,5776.090464104259,3.837455606256583,200520.0,2207006718.0,1.17612274538488,-175936.0,49.0159596213317,34.9740932642487,93.4,21.372369321253,76.7731763399305,4309.0,885.0,53.78,649.0,78.0,838.0,709.0,265.0
Ukraine,UKR,99.9,11.0,52.036,9552.314453125,35.27,5137.247647224886,7.982561110450391,579320.0,68068720667.0,2.35345197687142,66768.0,71.0053023956517,9.43820224719101,2.9,68.8241983107739,18.59138371619188,5.03,898.0,62.84,564.0,-229.0,896.0,509.0,193.0
Uruguay,URY,99.6,14.0,61.015,19495.4223660846,54.4538,43203.242929852655,9.41291247372213,175020.0,7252196006.0,1.60724459656554,-6317.0,63.8868459894328,12.1212121212121,47.9,94.7606597546186,22.19690913851862,6.45,865.0,67.26,871.0,57.0,615.0,692.0,214.0
United States,USA,100.0,12.0,58.017,51708.39406140819,74.7,,1.862204220117647,9147420.0,1542939560970.0,4.4617099699335,1632007.0,67.1170061555629,17.9723502304147,8.5,80.6837493386238,4.075357431030865,7026.0,903.0,66.66,823.0,0.21,0.71,765.0,0.26
Uzbekistan,UZB,99.7,12.0,53.08,6168.137647551723,23.6,5971.055036117708,15.39879470175238,435800.0,6357432459.0,,-20381.0,67.0778725498475,22.0,1.3,51.3359680175781,35.69193661523338,6019.0,933.0,62.78,914.0,-44.0,463.0,0.65,118.0
"Venezuela, RB",VEN,99.3,14.0,58.948,,49.0501,,20.895328569400647,882050.0,82159288098.0,1.34147173233053,-55131.0,64.7475547709533,16.969696969697,13.8,88.8401868543141,31.91335066763272,7067.0,932.0,65.22,804.0,-199.0,743.0,844.0,176.0
Viet Nam,VNM,97.9,9.0,75.539,6376.797657061718,36.8,6174.590067166736,9.077660690250385,313457.0,111290973700.0,1.71831331991755,-4851.0,69.9019824583313,24.4,37.9,31.1222779403029,62.53501977050131,5535.0,775.0,64.66,856.0,-129.0,815.0,546.0,221.0
Kosovo,XKX,,,,7897.566927778763,,,3.525402860069306,,342622679.0,0.703950801287396,-3403.0,65.9328204537755,,,38.2296959226488,,5.64,757.0,,636.0,0.03,0.95,562.0,0.1
"Yemen, Rep.",YEM,52.4,9.0,33.065,3004.920914340249,17.4465,28231.509633550813,5.89315891807243,527970.0,6978519479.0,4.57388404478979,22349.0,54.5883604978925,0.332225913621262,1.1,31.2031839858628,42.145823842685,4061.0,682.0,58.52,706.0,-169.0,793.0,413.0,263.0
South Africa,ZAF,85.2,9.0,39.524,12986.797667530722,41.0,22740.27787120426,4.685206388139847,1213090.0,89863761034.99991,1.0335227408145802,264091.0,65.8477380397977,42.25,8.3,62.9616560303263,10.09064899386234,5134.0,907.0,51.4,0.59,-172.0,838.0,711.0,178.0
Zambia,ZMB,29.2,7.0,54.342,3323.6331221985643,4.1,16957.20890452152,6.992227249002141,743390.0,9362227825.999989,1.3578688500397,8958.0,52.2881251773126,11.4649681528662,85.4,40.7698556821596,80.34990460321166,5013.0,0.78,50.72,788.0,7.0,806.0,676.0,0.25
Zimbabwe,ZWE,44.0,7.0,62.75,3472.485720010156,12.0,7419.257830495172,4.0289277468923785,386850.0,4026411256.0,1.8594998831502705,-177061.0,53.2312936124025,14.9532710280374,77.0,32.7931752128328,68.39498143604781,4955.0,896.0,47.6,0.47,-87.0,859.0,613.0,177.0
